{
"fetch_gripper": {
    "close_dir": [-1,-1],
    "transfer_close_dir": [-2,-2],
    "opened_dofs": [0.05,0.05],
    "palm_pose": [-0.06, 0, 0, 1, 0, 0, 0]
    }, 
"fetch_gripper_UMI": {
    "close_dir": [-1,-1],
    "transfer_close_dir": [-2,-2],
    "opened_dofs": [0.05,0.05],
    "palm_pose": [-0.13, 0, 0, 1, 0, 0, 0]
    }, 
"franka_panda": {
    "close_dir": [-1, -1],
    "transfer_close_dir": [-2,-2],
    "opened_dofs": [0.04, 0.04],
    "palm_pose": [0, 0, -0.066, 1, 0, 0, 0]
    }, 
"sawyer": {
    "close_dir": [1,1],
    "transfer_close_dir": [2,2],
    "opened_dofs": [0, 0],
    "palm_pose": [0, 0, -0.0624, 1, 0, 0, 0]
    }, 
"wsg_50": {
    "close_dir": [1,-1],
    "transfer_close_dir": [2,-2],
    "opened_dofs": [-0.055, 0.055],
    "palm_pose": [ 0, 0, -0.073, 1,0,0,0]
    }, 
"Barrett": {
    "close_dir": [0, 0, 1, 1, 1, 0, 0, 0],
    "transfer_close_dir": [0, 0, 2, 2, 2, 2, 2, 2],
    "opened_dofs": [0.523599,0.523599,0,0,0,0,0,0],
    "palm_pose": [0, 0, -0.00035, 1, 0, 0, 0]
    }, 
"jaco_robot": {
    "close_dir": [1, 1, 1],
    "transfer_close_dir": [2, 2, 2],
    "opened_dofs": [0, 0, 0],
    "palm_pose": [0.1053, 0, 0, 1,0,0,0]
    }, 
"robotiq_3finger": {
    "close_dir": [0, 0, 1, 1, 1, 1, 1, 1, 0, 0, 0],
    "transfer_close_dir": [0, 0, 2, 2, 2, 2, 2, 2, 0, 0, 0],
    "opened_dofs": [0, 0, -0.0872665, -0.0872665, -0.0872665, 0, 0, 0, 0, 0, 0],
    "palm_pose": [0, -0.05, 0, 1,0,0,0]
    }, 
"Allegro": {
    "close_dir":  [0, 0.5, 0, 0, 1, 0, 1, 1, 0, 1, 0, 0, 0, 0, 0, 0],
    "transfer_close_dir": [0, 1.6, 0, 0,
                           1, 0, 1, 1, 
                           2, 2, 2, 2, 
                           1, 1, 1, 1],
    "opened_dofs": [0, 0, -0.09, -0.174533,
                   0, 1.16937, 0, 0,
                   -0.174533, 0, -0.15708, -0.174533, 
                   0.174533, 0.174533, 0.174533, 0.174533],
    "palm_pose": [-0.0125, 0, -0.01, 1, 0, 0, 0]
    }, 
"HumanHand": {
    "close_dir": [0, 0, 0, 0, 0, 1, 1, 1, 1, 0.75, 0, 0, 0, 0, 0, 0, 0, 0, 0, 0],
    "transfer_close_dir": [0, 0, 0, 0, 0, 
                           2, 2, 2, 2, 2, 
                           2, 2, 2, 2, 2, 
                           1, 1, 1, 1, 1],
    "opened_dofs": [0.174533, 0, -0.523599, -0.174533,-0.174533, 
                     0,0,0,0, -0.872665, 
                     0,0,0,0, -0.174533, 
                     0, 0, 0, 0, 0],
    "palm_pose": [0.16, 0.014, 0.0008, 1,0,0,0]
    }, 
"shadow_hand": {
    "close_dir": [0, 1, 0, 0, 1, 
                  1, 0, 1, 1, 0, 
                  1, 1, 1, 1, 0, 
                  0, 1, 0, 0, 1, 
                  0, 0],
    "transfer_close_dir": [0, 1, 0, 0, 2,
                           2, 0, 2, 2, 0,
                           2, 2, 2, 2, 0,
                           1, 2, 1, 1, 2, 
                           1, 1],
    "opened_dofs": [-0.174533, 0, 0, -0.174533, -0.785398,
                     0, -0.349066, 0, 0, 1.20428, 
                     0, 0, 0, 0, 0, 
                     0, 0, 0, 0, 0, 
                     0.349066, 0.349066],
    "palm_pose": [-0.00942, 0.01364, -0.07545,1,0,0,0]
    },
"h5_hand": {
    "close_dir": [1,-1,0,0],
    "transfer_close_dir": [2,-2,0,0],
    "opened_dofs": [-1.37881, 1.37881,1.37881,-1.37881],
    "palm_pose": [0, 0, 0.048, 1,0,0,0]
    },
"ezgripper" : {
    "close_dir": [1,1,1,1],
    "transfer_close_dir": [2,2,1,1],
    "opened_dofs": [0, 0, 0.2, 0.2],
    "palm_pose": [-0.0829, 0, 0, 1, 0, 0, 0]
    } 
}